dname1,dname2,date,value,unit
合計,雞,76,174400000,隻
合計,雞,77,193018000,隻
合計,雞,78,215940000,隻
合計,雞,79,226556000,隻
合計,雞,80,233971000,隻
合計,雞,81,257666000,隻
合計,雞,82,288243000,隻
合計,雞,83,301914000,隻
合計,雞,84,319820000,隻
合計,雞,85,345509000,隻
合計,雞,86,389966000,隻
合計,雞,87,389524000,隻
合計,雞,88,385563432,隻
合計,雞,89,389769750,隻
合計,雞,90,376195757,隻
合計,雞,91,377521882,隻
合計,雞,92,371419530,隻
合計,雞,93,377960192,隻
合計,雞,94,337631888.1,隻
合計,雞,95,346153446,隻
合計,雞,96,333503526,隻
合計,雞,97,322181658,隻
合計,雞,98,329440465,隻
合計,雞,99,334760980,隻
合計,雞,100,350119995,隻
合計,雞,101,324520802,隻
合計,雞,102,307486813,隻
合計,雞,103,326297931,隻
合計,鴨,76,39745000,隻
合計,鴨,77,37717000,隻
合計,鴨,78,39952000,隻
合計,鴨,79,39900000,隻
合計,鴨,80,36295000,隻
合計,鴨,81,40558000,隻
合計,鴨,82,45483000,隻
合計,鴨,83,40886000,隻
合計,鴨,84,42580000,隻
合計,鴨,85,41759000,隻
合計,鴨,86,41156000,隻
合計,鴨,87,35719000,隻
合計,鴨,88,35207839,隻
合計,鴨,89,34098861,隻
合計,鴨,90,32141882,隻
合計,鴨,91,31012339,隻
合計,鴨,92,31040199,隻
合計,鴨,93,32254809,隻
合計,鴨,94,33596451.26,隻
合計,鴨,95,37740170,隻
合計,鴨,96,36861937,隻
合計,鴨,97,31729634,隻
合計,鴨,98,29250161,隻
合計,鴨,99,30301415,隻
合計,鴨,100,30514644,隻
合計,鴨,101,28952234,隻
合計,鴨,102,33954606,隻
合計,鴨,103,38332453,隻
合計,鵝,76,3923000,隻
合計,鵝,77,3942000,隻
合計,鵝,78,4140000,隻
合計,鵝,79,4777000,隻
合計,鵝,80,4628000,隻
合計,鵝,81,5683000,隻
合計,鵝,82,6397000,隻
合計,鵝,83,8521000,隻
合計,鵝,84,7744000,隻
合計,鵝,85,7078000,隻
合計,鵝,86,7503000,隻
合計,鵝,87,7955000,隻
合計,鵝,88,7463823,隻
合計,鵝,89,6503141,隻
合計,鵝,90,6329846,隻
合計,鵝,91,6178197,隻
合計,鵝,92,6401666,隻
合計,鵝,93,6540444,隻
合計,鵝,94,6449319.661,隻
合計,鵝,95,6723327,隻
合計,鵝,96,5873235,隻
合計,鵝,97,5149328,隻
合計,鵝,98,4593323,隻
合計,鵝,99,4699666,隻
合計,鵝,100,5130200,隻
合計,鵝,101,4928574,隻
合計,鵝,102,5159710,隻
合計,鵝,103,5549135,隻
合計,火雞,76,1111000,隻
合計,火雞,77,920000,隻
合計,火雞,78,899000,隻
合計,火雞,79,758000,隻
合計,火雞,80,636000,隻
合計,火雞,81,543000,隻
合計,火雞,82,521000,隻
合計,火雞,83,458000,隻
合計,火雞,84,415000,隻
合計,火雞,85,398000,隻
合計,火雞,86,429000,隻
合計,火雞,87,432000,隻
合計,火雞,88,488406,隻
合計,火雞,89,499738,隻
合計,火雞,90,457788,隻
合計,火雞,91,387047,隻
合計,火雞,92,364015,隻
合計,火雞,93,385690,隻
合計,火雞,94,375937.8,隻
合計,火雞,95,334654,隻
合計,火雞,96,301098,隻
合計,火雞,97,279640,隻
合計,火雞,98,229629,隻
合計,火雞,99,216029,隻
合計,火雞,100,248841,隻
合計,火雞,101,236504,隻
合計,火雞,102,220501,隻
合計,火雞,103,211906,隻
合計,雞,104,321139463,隻
合計,雞,105,340753814,隻
合計,雞,106,335213525,隻
合計,雞,107,353047050,隻
合計,雞,108,373771184,隻
合計,雞,109,379596340,隻
合計,鴨,104,35061148,隻
合計,鴨,105,36184465,隻
合計,鴨,106,37719282,隻
合計,鴨,107,37073407,隻
合計,鴨,108,38294034,隻
合計,鴨,109,36082650,隻
合計,鵝,104,1383401,隻
合計,鵝,105,1557059,隻
合計,鵝,106,2384246,隻
合計,鵝,107,2754525,隻
合計,鵝,108,2985357,隻
合計,鵝,109,3829048,隻
合計,火雞,104,196686,隻
合計,火雞,105,184057,隻
合計,火雞,106,184797,隻
合計,火雞,107,177811,隻
合計,火雞,108,160016,隻
合計,火雞,109,193692,隻
臺灣省,雞,85,344584000,隻
臺灣省,雞,86,389456000,隻
臺灣省,雞,87,389121000,隻
臺灣省,雞,88,385384110,隻
臺灣省,雞,89,389576549,隻
臺灣省,雞,90,376020529,隻
臺灣省,雞,91,377342791,隻
臺灣省,雞,92,371255729,隻
臺灣省,雞,93,377894915,隻
臺灣省,雞,94,337581939,隻
臺灣省,雞,95,346125870,隻
臺灣省,雞,96,333479124,隻
臺灣省,雞,97,322156654,隻
臺灣省,雞,98,329135467,隻
臺灣省,雞,99,334411252,隻
臺灣省,雞,100,272237404,隻
臺灣省,雞,101,256116510,隻
臺灣省,雞,102,244952978,隻
臺灣省,雞,103,261567472,隻
臺灣省,鴨,85,41402000,隻
臺灣省,鴨,86,40937000,隻
臺灣省,鴨,87,35641000,隻
臺灣省,鴨,88,35168964,隻
臺灣省,鴨,89,34079351,隻
臺灣省,鴨,90,32124359,隻
臺灣省,鴨,91,30996191,隻
臺灣省,鴨,92,31027090,隻
臺灣省,鴨,93,32238744,隻
臺灣省,鴨,94,33583043.62,隻
臺灣省,鴨,95,37738413,隻
臺灣省,鴨,96,36860137,隻
臺灣省,鴨,97,31729306,隻
臺灣省,鴨,98,29245424,隻
臺灣省,鴨,99,30296730,隻
臺灣省,鴨,100,25735759,隻
臺灣省,鴨,101,24650890,隻
臺灣省,鴨,102,28991658,隻
臺灣省,鴨,103,33204489,隻
臺灣省,鵝,85,7077000,隻
臺灣省,鵝,86,7502000,隻
臺灣省,鵝,87,7954000,隻
臺灣省,鵝,88,7463115,隻
臺灣省,鵝,89,6502421,隻
臺灣省,鵝,90,6329206,隻
臺灣省,鵝,91,6177515,隻
臺灣省,鵝,92,6401012,隻
臺灣省,鵝,93,6539841,隻
臺灣省,鵝,94,6448818.633,隻
臺灣省,鵝,95,6723327,隻
臺灣省,鵝,96,5873235,隻
臺灣省,鵝,97,5149328,隻
臺灣省,鵝,98,4593271,隻
臺灣省,鵝,99,4699634,隻
臺灣省,鵝,100,4160274,隻
臺灣省,鵝,101,3946344,隻
臺灣省,鵝,102,4120627,隻
臺灣省,鵝,103,4484720,隻
臺灣省,火雞,85,398000,隻
臺灣省,火雞,86,429000,隻
臺灣省,火雞,87,432000,隻
臺灣省,火雞,88,488284,隻
臺灣省,火雞,89,499653,隻
臺灣省,火雞,90,457734,隻
臺灣省,火雞,91,386966,隻
臺灣省,火雞,92,363912,隻
臺灣省,火雞,93,385580,隻
臺灣省,火雞,94,375879,隻
臺灣省,火雞,95,334654,隻
臺灣省,火雞,96,301098,隻
臺灣省,火雞,97,279640,隻
臺灣省,火雞,98,229629,隻
臺灣省,火雞,99,216029,隻
臺灣省,火雞,100,143451,隻
臺灣省,火雞,101,133046,隻
臺灣省,火雞,102,120990,隻
臺灣省,火雞,103,121970,隻
臺北縣,雞,85,1915000,隻
臺北縣,雞,86,2066000,隻
臺北縣,雞,87,2004000,隻
臺北縣,雞,88,2053895,隻
臺北縣,雞,89,1930529,隻
臺北縣,雞,90,1757135,隻
臺北縣,雞,91,2010251,隻
臺北縣,雞,92,1591285,隻
臺北縣,雞,93,1551848,隻
臺北縣,雞,94,757454.81,隻
臺北縣,雞,95,1055719,隻
臺北縣,雞,96,858254,隻
臺北縣,雞,97,870329,隻
臺北縣,雞,98,830330,隻
臺北縣,雞,99,1099585,隻
臺北縣,鴨,85,272000,隻
臺北縣,鴨,86,262000,隻
臺北縣,鴨,87,253000,隻
臺北縣,鴨,88,268778,隻
臺北縣,鴨,89,258371,隻
臺北縣,鴨,90,263146,隻
臺北縣,鴨,91,274118,隻
臺北縣,鴨,92,260116,隻
臺北縣,鴨,93,253039,隻
臺北縣,鴨,94,120692.9,隻
臺北縣,鴨,95,25686,隻
臺北縣,鴨,96,20030,隻
臺北縣,鴨,97,16088,隻
臺北縣,鴨,98,15277,隻
臺北縣,鴨,99,4789,隻
臺北縣,鵝,85,58000,隻
臺北縣,鵝,86,44000,隻
臺北縣,鵝,87,48000,隻
臺北縣,鵝,88,40236,隻
臺北縣,鵝,89,40449,隻
臺北縣,鵝,90,40322,隻
臺北縣,鵝,91,21093,隻
臺北縣,鵝,92,32069,隻
臺北縣,鵝,93,37862,隻
臺北縣,鵝,94,29373.828,隻
臺北縣,鵝,95,26745,隻
臺北縣,鵝,96,26037,隻
臺北縣,鵝,97,18247,隻
臺北縣,鵝,98,14670,隻
臺北縣,鵝,99,24684,隻
臺北縣,火雞,85,12000,隻
臺北縣,火雞,86,9000,隻
臺北縣,火雞,87,14000,隻
臺北縣,火雞,88,8060,隻
臺北縣,火雞,89,5384,隻
臺北縣,火雞,90,4902,隻
臺北縣,火雞,91,4185,隻
臺北縣,火雞,92,4095,隻
臺北縣,火雞,93,3985,隻
臺北縣,火雞,94,4578,隻
臺北縣,火雞,95,0,隻
臺北縣,火雞,96,0,隻
臺北縣,火雞,97,3,隻
臺北縣,火雞,99,1,隻
宜蘭縣,雞,85,13540000,隻
宜蘭縣,雞,86,18970000,隻
宜蘭縣,雞,87,21606000,隻
宜蘭縣,雞,88,22425573,隻
宜蘭縣,雞,89,20723369,隻
宜蘭縣,雞,90,20430469,隻
宜蘭縣,雞,91,22309497,隻
宜蘭縣,雞,92,22511998,隻
宜蘭縣,雞,93,21664643,隻
宜蘭縣,雞,94,17658975.25,隻
宜蘭縣,雞,95,17121022,隻
宜蘭縣,雞,96,17726976,隻
宜蘭縣,雞,97,18437500,隻
宜蘭縣,雞,98,19750341,隻
宜蘭縣,雞,99,17312757,隻
宜蘭縣,雞,100,19446111,隻
宜蘭縣,雞,101,16900008,隻
宜蘭縣,雞,102,15081023,隻
宜蘭縣,雞,103,13833062,隻
宜蘭縣,鴨,85,1472000,隻
宜蘭縣,鴨,86,1289000,隻
宜蘭縣,鴨,87,1062000,隻
宜蘭縣,鴨,88,1174574,隻
宜蘭縣,鴨,89,1084422,隻
宜蘭縣,鴨,90,1307770,隻
宜蘭縣,鴨,91,1006714,隻
宜蘭縣,鴨,92,825003,隻
宜蘭縣,鴨,93,950121,隻
宜蘭縣,鴨,94,719346.94,隻
宜蘭縣,鴨,95,823491,隻
宜蘭縣,鴨,96,836991,隻
宜蘭縣,鴨,97,539034,隻
宜蘭縣,鴨,98,660304,隻
宜蘭縣,鴨,99,716650,隻
宜蘭縣,鴨,100,573925,隻
宜蘭縣,鴨,101,537559,隻
宜蘭縣,鴨,102,689259,隻
宜蘭縣,鴨,103,596704,隻
宜蘭縣,鵝,85,9000,隻
宜蘭縣,鵝,86,8000,隻
宜蘭縣,鵝,87,9000,隻
宜蘭縣,鵝,88,5211,隻
宜蘭縣,鵝,89,4334,隻
宜蘭縣,鵝,90,3832,隻
宜蘭縣,鵝,91,4319,隻
宜蘭縣,鵝,92,5309,隻
宜蘭縣,鵝,93,5988,隻
宜蘭縣,鵝,94,5812.774,隻
宜蘭縣,鵝,95,3543,隻
宜蘭縣,鵝,96,2994,隻
宜蘭縣,鵝,97,2509,隻
宜蘭縣,鵝,98,3046,隻
宜蘭縣,鵝,99,3547,隻
宜蘭縣,鵝,100,3941,隻
宜蘭縣,鵝,101,2619,隻
宜蘭縣,鵝,102,1071,隻
宜蘭縣,鵝,103,1664,隻
宜蘭縣,火雞,85,5000,隻
宜蘭縣,火雞,86,4000,隻
宜蘭縣,火雞,87,4000,隻
宜蘭縣,火雞,88,2477,隻
宜蘭縣,火雞,89,2374,隻
宜蘭縣,火雞,90,2124,隻
宜蘭縣,火雞,91,1919,隻
宜蘭縣,火雞,92,1554,隻
宜蘭縣,火雞,93,1672,隻
宜蘭縣,火雞,94,1409.1,隻
宜蘭縣,火雞,95,0,隻
宜蘭縣,火雞,96,11,隻
宜蘭縣,火雞,97,10,隻
宜蘭縣,火雞,98,17,隻
宜蘭縣,火雞,99,58,隻
宜蘭縣,火雞,100,8,隻
宜蘭縣,火雞,101,9,隻
宜蘭縣,火雞,102,24,隻
宜蘭縣,火雞,103,35,隻
宜蘭縣,雞,104,500,隻
宜蘭縣,雞,104,500,隻
宜蘭縣,雞,104,500,隻
宜蘭縣,雞,104,500,隻
宜蘭縣,雞,104,500,隻
宜蘭縣,雞,104,500,隻
宜蘭縣,鴨,104,563259,隻
宜蘭縣,鴨,105,521050,隻
宜蘭縣,鴨,106,366443,隻
宜蘭縣,鴨,107,275915,隻
宜蘭縣,鴨,108,323740,隻
宜蘭縣,鴨,109,346336,隻
宜蘭縣,鵝,104,1647,隻
宜蘭縣,鵝,105,886,隻
宜蘭縣,鵝,106,447,隻
宜蘭縣,鵝,107,118,隻
宜蘭縣,鵝,108,101,隻
宜蘭縣,鵝,109,100,隻
宜蘭縣,火雞,104,22,隻
宜蘭縣,火雞,105,10,隻
宜蘭縣,火雞,106,0,隻
宜蘭縣,火雞,107,0,隻
宜蘭縣,火雞,108,0,隻
宜蘭縣,火雞,109,7,隻
桃園縣,雞,85,18820000,隻
桃園縣,雞,86,20470000,隻
桃園縣,雞,87,18927000,隻
桃園縣,雞,88,16661483,隻
桃園縣,雞,89,16531202,隻
桃園縣,雞,90,15550489,隻
桃園縣,雞,91,15877902,隻
桃園縣,雞,92,15415302,隻
桃園縣,雞,93,22676880,隻
桃園縣,雞,94,23530575.45,隻
桃園縣,雞,95,20134361,隻
桃園縣,雞,96,18281246,隻
桃園縣,雞,97,19138306,隻
桃園縣,雞,98,19170480,隻
桃園縣,雞,99,18979452,隻
桃園縣,雞,100,19252030,隻
桃園縣,雞,101,17876823,隻
桃園縣,雞,102,17223855,隻
桃園縣,雞,103,16931701,隻
桃園縣,鴨,85,675000,隻
桃園縣,鴨,86,818000,隻
桃園縣,鴨,87,722000,隻
桃園縣,鴨,88,616099,隻
桃園縣,鴨,89,631139,隻
桃園縣,鴨,90,626120,隻
桃園縣,鴨,91,535832,隻
桃園縣,鴨,92,438506,隻
桃園縣,鴨,93,289801,隻
桃園縣,鴨,94,167420.395,隻
桃園縣,鴨,95,80556,隻
桃園縣,鴨,96,47364,隻
桃園縣,鴨,97,40502,隻
桃園縣,鴨,98,47807,隻
桃園縣,鴨,99,33656,隻
桃園縣,鴨,100,38807,隻
桃園縣,鴨,101,37121,隻
桃園縣,鴨,102,41098,隻
桃園縣,鴨,103,35422,隻
桃園縣,鵝,85,208000,隻
桃園縣,鵝,86,187000,隻
桃園縣,鵝,87,161000,隻
桃園縣,鵝,88,136942,隻
桃園縣,鵝,89,165081,隻
桃園縣,鵝,90,169156,隻
桃園縣,鵝,91,151374,隻
桃園縣,鵝,92,149751,隻
桃園縣,鵝,93,109894,隻
桃園縣,鵝,94,96040.274,隻
桃園縣,鵝,95,122664,隻
桃園縣,鵝,96,117566,隻
桃園縣,鵝,97,78021,隻
桃園縣,鵝,98,46605,隻
桃園縣,鵝,99,53820,隻
桃園縣,鵝,100,63426,隻
桃園縣,鵝,101,63130,隻
桃園縣,鵝,102,60672,隻
桃園縣,鵝,103,56838,隻
桃園縣,火雞,85,2000,隻
桃園縣,火雞,86,3000,隻
桃園縣,火雞,87,3000,隻
桃園縣,火雞,88,949,隻
桃園縣,火雞,89,361,隻
桃園縣,火雞,90,344,隻
桃園縣,火雞,91,259,隻
桃園縣,火雞,92,281,隻
桃園縣,火雞,93,0,隻
桃園縣,火雞,94,31.5,隻
桃園縣,火雞,95,0,隻
桃園縣,火雞,96,2,隻
桃園縣,火雞,97,25,隻
桃園縣,火雞,98,38,隻
桃園縣,火雞,99,35,隻
桃園縣,火雞,100,33,隻
桃園縣,火雞,101,23,隻
桃園縣,火雞,102,25,隻
桃園縣,火雞,103,15,隻
新竹縣,雞,85,13533000,隻
新竹縣,雞,86,15948000,隻
新竹縣,雞,87,15273000,隻
新竹縣,雞,88,14776104,隻
新竹縣,雞,89,15115070,隻
新竹縣,雞,90,15078586,隻
新竹縣,雞,91,16006598,隻
新竹縣,雞,92,15645001,隻
新竹縣,雞,93,15813664,隻
新竹縣,雞,94,15203873.9,隻
新竹縣,雞,95,17633901,隻
新竹縣,雞,96,17150068,隻
新竹縣,雞,97,15913850,隻
新竹縣,雞,98,14150125,隻
新竹縣,雞,99,13988438,隻
新竹縣,雞,100,14441361,隻
新竹縣,雞,101,12279485,隻
新竹縣,雞,102,12043004,隻
新竹縣,雞,103,13404619,隻
新竹縣,鴨,85,495000,隻
新竹縣,鴨,86,460000,隻
新竹縣,鴨,87,411000,隻
新竹縣,鴨,88,317259,隻
新竹縣,鴨,89,293475,隻
新竹縣,鴨,90,292106,隻
新竹縣,鴨,91,291473,隻
新竹縣,鴨,92,328152,隻
新竹縣,鴨,93,232590,隻
新竹縣,鴨,94,152183.265,隻
新竹縣,鴨,95,59729,隻
新竹縣,鴨,96,57696,隻
新竹縣,鴨,97,39207,隻
新竹縣,鴨,98,31154,隻
新竹縣,鴨,99,36873,隻
新竹縣,鴨,100,34594,隻
新竹縣,鴨,101,33771,隻
新竹縣,鴨,102,30232,隻
新竹縣,鴨,103,29293,隻
新竹縣,鵝,85,53000,隻
新竹縣,鵝,86,53000,隻
新竹縣,鵝,87,36000,隻
新竹縣,鵝,88,28315,隻
新竹縣,鵝,89,24717,隻
新竹縣,鵝,90,26358,隻
新竹縣,鵝,91,25327,隻
新竹縣,鵝,92,27837,隻
新竹縣,鵝,93,14628,隻
新竹縣,鵝,94,13644.521,隻
新竹縣,鵝,95,7243,隻
新竹縣,鵝,96,8965,隻
新竹縣,鵝,97,8685,隻
新竹縣,鵝,98,8490,隻
新竹縣,鵝,99,6297,隻
新竹縣,鵝,100,6677,隻
新竹縣,鵝,101,7362,隻
新竹縣,鵝,102,6616,隻
新竹縣,鵝,103,8808,隻
新竹縣,火雞,85,2000,隻
新竹縣,火雞,86,3000,隻
新竹縣,火雞,87,3000,隻
新竹縣,火雞,88,2725,隻
新竹縣,火雞,89,2171,隻
新竹縣,火雞,90,1958,隻
新竹縣,火雞,91,1896,隻
新竹縣,火雞,92,1739,隻
新竹縣,火雞,93,1004,隻
新竹縣,火雞,94,1522.5,隻
新竹縣,火雞,95,0,隻
新竹縣,火雞,96,0,隻
新竹縣,火雞,97,0,隻
新竹縣,火雞,98,0,隻
新竹縣,火雞,99,0,隻
新竹縣,雞,104,14012169,隻
新竹縣,雞,105,12819849,隻
新竹縣,雞,106,13164145,隻
新竹縣,雞,107,12773665,隻
新竹縣,雞,108,12359902,隻
新竹縣,雞,109,15670757,隻
新竹縣,鴨,104,31301,隻
新竹縣,鴨,105,9185,隻
新竹縣,鴨,106,9971,隻
新竹縣,鴨,107,12077,隻
新竹縣,鴨,108,8120,隻
新竹縣,鴨,109,5979,隻
新竹縣,鵝,104,897,隻
新竹縣,鵝,105,201,隻
新竹縣,鵝,106,808,隻
新竹縣,鵝,107,442,隻
新竹縣,鵝,108,1215,隻
新竹縣,鵝,109,561,隻
新竹縣,火雞,104,0,隻
新竹縣,火雞,105,4,隻
新竹縣,火雞,106,0,隻
新竹縣,火雞,107,3,隻
新竹縣,火雞,108,5,隻
新竹縣,火雞,109,3,隻
苗栗縣,雞,85,13241000,隻
苗栗縣,雞,86,14440000,隻
苗栗縣,雞,87,14006000,隻
苗栗縣,雞,88,14472241,隻
苗栗縣,雞,89,13266058,隻
苗栗縣,雞,90,13650351,隻
苗栗縣,雞,91,13179357,隻
苗栗縣,雞,92,16873065,隻
苗栗縣,雞,93,16359878,隻
苗栗縣,雞,94,14753765.45,隻
苗栗縣,雞,95,11077422,隻
苗栗縣,雞,96,11040954,隻
苗栗縣,雞,97,10150423,隻
苗栗縣,雞,98,10970093,隻
苗栗縣,雞,99,10460252,隻
苗栗縣,雞,100,9550848,隻
苗栗縣,雞,101,10040381,隻
苗栗縣,雞,102,10277428,隻
苗栗縣,雞,103,10459040,隻
苗栗縣,鴨,85,580000,隻
苗栗縣,鴨,86,527000,隻
苗栗縣,鴨,87,572000,隻
苗栗縣,鴨,88,493576,隻
苗栗縣,鴨,89,472808,隻
苗栗縣,鴨,90,474045,隻
苗栗縣,鴨,91,495638,隻
苗栗縣,鴨,92,479364,隻
苗栗縣,鴨,93,429988,隻
苗栗縣,鴨,94,319931.76,隻
苗栗縣,鴨,95,31612,隻
苗栗縣,鴨,96,26985,隻
苗栗縣,鴨,97,23613,隻
苗栗縣,鴨,98,17243,隻
苗栗縣,鴨,99,14367,隻
苗栗縣,鴨,100,13720,隻
苗栗縣,鴨,101,14891,隻
苗栗縣,鴨,102,18261,隻
苗栗縣,鴨,103,21698,隻
苗栗縣,鵝,85,115000,隻
苗栗縣,鵝,86,125000,隻
苗栗縣,鵝,87,150000,隻
苗栗縣,鵝,88,112610,隻
苗栗縣,鵝,89,87190,隻
苗栗縣,鵝,90,111505,隻
苗栗縣,鵝,91,95103,隻
苗栗縣,鵝,92,84510,隻
苗栗縣,鵝,93,74637,隻
苗栗縣,鵝,94,57108.7,隻
苗栗縣,鵝,95,30958,隻
苗栗縣,鵝,96,24180,隻
苗栗縣,鵝,97,19271,隻
苗栗縣,鵝,98,36435,隻
苗栗縣,鵝,99,32016,隻
苗栗縣,鵝,100,32312,隻
苗栗縣,鵝,101,28816,隻
苗栗縣,鵝,102,18672,隻
苗栗縣,鵝,103,42366,隻
苗栗縣,火雞,85,8000,隻
苗栗縣,火雞,86,8000,隻
苗栗縣,火雞,87,8000,隻
苗栗縣,火雞,88,7088,隻
苗栗縣,火雞,89,6517,隻
苗栗縣,火雞,90,6506,隻
苗栗縣,火雞,91,6740,隻
苗栗縣,火雞,92,6519,隻
苗栗縣,火雞,93,4134,隻
苗栗縣,火雞,94,3416.7,隻
苗栗縣,火雞,95,0,隻
苗栗縣,火雞,96,3,隻
苗栗縣,火雞,97,1,隻
苗栗縣,火雞,98,9,隻
苗栗縣,火雞,99,11,隻
苗栗縣,火雞,100,0,隻
苗栗縣,火雞,101,0,隻
苗栗縣,火雞,102,0,隻
苗栗縣,火雞,103,0,隻
苗栗縣,雞,104,8701917,隻
苗栗縣,雞,105,9646389,隻
苗栗縣,雞,106,9249090,隻
苗栗縣,雞,107,8881867,隻
苗栗縣,雞,108,9325026,隻
苗栗縣,雞,109,9943593,隻
苗栗縣,鴨,104,17950,隻
苗栗縣,鴨,105,13533,隻
苗栗縣,鴨,106,9832,隻
苗栗縣,鴨,107,7827,隻
苗栗縣,鴨,108,11409,隻
苗栗縣,鴨,109,9804,隻
苗栗縣,鵝,104,22215,隻
苗栗縣,鵝,105,23702,隻
苗栗縣,鵝,106,32201,隻
苗栗縣,鵝,107,39625,隻
苗栗縣,鵝,108,98534,隻
苗栗縣,鵝,109,79887,隻
苗栗縣,火雞,104,14,隻
苗栗縣,火雞,105,0,隻
苗栗縣,火雞,106,0,隻
苗栗縣,火雞,108,0,隻
苗栗縣,火雞,109,0,隻
臺中縣,雞,85,17856000,隻
臺中縣,雞,86,17047000,隻
臺中縣,雞,87,16690000,隻
臺中縣,雞,88,17480611,隻
臺中縣,雞,89,18541267,隻
臺中縣,雞,90,17810716,隻
臺中縣,雞,91,17800566,隻
臺中縣,雞,92,15246349,隻
臺中縣,雞,93,16509429,隻
臺中縣,雞,94,12820417.91,隻
臺中縣,雞,95,15002665,隻
臺中縣,雞,96,13328643,隻
臺中縣,雞,97,13920057,隻
臺中縣,雞,98,15075204,隻
臺中縣,雞,99,13972888,隻
臺中縣,鴨,85,2099000,隻
臺中縣,鴨,86,1665000,隻
臺中縣,鴨,87,1396000,隻
臺中縣,鴨,88,1418269,隻
臺中縣,鴨,89,1202680,隻
臺中縣,鴨,90,953897,隻
臺中縣,鴨,91,909657,隻
臺中縣,鴨,92,863244,隻
臺中縣,鴨,93,684543,隻
臺中縣,鴨,94,569664.82,隻
臺中縣,鴨,95,456815,隻
臺中縣,鴨,96,468931,隻
臺中縣,鴨,97,342823,隻
臺中縣,鴨,98,358895,隻
臺中縣,鴨,99,338690,隻
臺中縣,鵝,85,189000,隻
臺中縣,鵝,86,188000,隻
臺中縣,鵝,87,195000,隻
臺中縣,鵝,88,210151,隻
臺中縣,鵝,89,203981,隻
臺中縣,鵝,90,188092,隻
臺中縣,鵝,91,189587,隻
臺中縣,鵝,92,175614,隻
臺中縣,鵝,93,167694,隻
臺中縣,鵝,94,127711.39,隻
臺中縣,鵝,95,144749,隻
臺中縣,鵝,96,140806,隻
臺中縣,鵝,97,104434,隻
臺中縣,鵝,98,102240,隻
臺中縣,鵝,99,82953,隻
臺中縣,火雞,85,37000,隻
臺中縣,火雞,86,24000,隻
臺中縣,火雞,87,27000,隻
臺中縣,火雞,88,28465,隻
臺中縣,火雞,89,34234,隻
臺中縣,火雞,90,28596,隻
臺中縣,火雞,91,23065,隻
臺中縣,火雞,92,20061,隻
臺中縣,火雞,93,15790,隻
臺中縣,火雞,94,17976,隻
臺中縣,火雞,95,9236,隻
臺中縣,火雞,96,10832,隻
臺中縣,火雞,97,3843,隻
臺中縣,火雞,98,4470,隻
臺中縣,火雞,99,5146,隻
彰化縣,雞,85,43722000,隻
彰化縣,雞,86,52485000,隻
彰化縣,雞,87,52467000,隻
彰化縣,雞,88,51505526,隻
彰化縣,雞,89,55704991,隻
彰化縣,雞,90,55289197,隻
彰化縣,雞,91,52480070,隻
彰化縣,雞,92,52618607,隻
彰化縣,雞,93,56945369,隻
彰化縣,雞,94,45057506.27,隻
彰化縣,雞,95,53681422,隻
彰化縣,雞,96,48997146,隻
彰化縣,雞,97,46123300,隻
彰化縣,雞,98,50242784,隻
彰化縣,雞,99,51366916,隻
彰化縣,雞,100,53649032,隻
彰化縣,雞,101,52199896,隻
彰化縣,雞,102,53594650,隻
彰化縣,雞,103,56638934,隻
彰化縣,鴨,85,4575000,隻
彰化縣,鴨,86,5735000,隻
彰化縣,鴨,87,5419000,隻
彰化縣,鴨,88,4624933,隻
彰化縣,鴨,89,5421709,隻
彰化縣,鴨,90,5566245,隻
彰化縣,鴨,91,4067859,隻
彰化縣,鴨,92,3764793,隻
彰化縣,鴨,93,4209971,隻
彰化縣,鴨,94,4105908.515,隻
彰化縣,鴨,95,4950302,隻
彰化縣,鴨,96,4755119,隻
彰化縣,鴨,97,4100836,隻
彰化縣,鴨,98,4100259,隻
彰化縣,鴨,99,4159421,隻
彰化縣,鴨,100,4362308,隻
彰化縣,鴨,101,4504828,隻
彰化縣,鴨,102,5146667,隻
彰化縣,鴨,103,5724477,隻
彰化縣,鵝,85,754000,隻
彰化縣,鵝,86,1031000,隻
彰化縣,鵝,87,1336000,隻
彰化縣,鵝,88,946000,隻
彰化縣,鵝,89,667582,隻
彰化縣,鵝,90,655693,隻
彰化縣,鵝,91,492309,隻
彰化縣,鵝,92,355471,隻
彰化縣,鵝,93,331964,隻
彰化縣,鵝,94,306510.248,隻
彰化縣,鵝,95,346968,隻
彰化縣,鵝,96,288393,隻
彰化縣,鵝,97,213279,隻
彰化縣,鵝,98,187550,隻
彰化縣,鵝,99,164333,隻
彰化縣,鵝,100,162862,隻
彰化縣,鵝,101,174156,隻
彰化縣,鵝,102,205469,隻
彰化縣,鵝,103,210161,隻
彰化縣,火雞,85,44000,隻
彰化縣,火雞,86,91000,隻
彰化縣,火雞,87,63000,隻
彰化縣,火雞,88,64557,隻
彰化縣,火雞,89,60899,隻
彰化縣,火雞,90,60400,隻
彰化縣,火雞,91,57550,隻
彰化縣,火雞,92,57401,隻
彰化縣,火雞,93,45954,隻
彰化縣,火雞,94,30674.7,隻
彰化縣,火雞,95,26520,隻
彰化縣,火雞,96,24802,隻
彰化縣,火雞,97,17650,隻
彰化縣,火雞,98,10833,隻
彰化縣,火雞,99,10807,隻
彰化縣,火雞,100,16079,隻
彰化縣,火雞,101,12600,隻
彰化縣,火雞,102,9202,隻
彰化縣,火雞,103,12957,隻
彰化縣,雞,104,55632609,隻
彰化縣,雞,105,58228212,隻
彰化縣,雞,106,57401420,隻
彰化縣,雞,107,62385530,隻
彰化縣,雞,108,64914881,隻
彰化縣,雞,109,69544839,隻
彰化縣,鴨,104,5968824,隻
彰化縣,鴨,105,6328700,隻
彰化縣,鴨,106,6149610,隻
彰化縣,鴨,107,6302924,隻
彰化縣,鴨,108,7084347,隻
彰化縣,鴨,109,8097629,隻
彰化縣,鵝,104,59806,隻
彰化縣,鵝,105,37169,隻
彰化縣,鵝,106,86041,隻
彰化縣,鵝,107,119526,隻
彰化縣,鵝,108,84863,隻
彰化縣,鵝,109,114236,隻
彰化縣,火雞,104,7060,隻
彰化縣,火雞,105,3980,隻
彰化縣,火雞,106,5251,隻
彰化縣,火雞,107,2600,隻
彰化縣,火雞,108,854,隻
彰化縣,火雞,109,624,隻
南投縣,雞,85,28556000,隻
南投縣,雞,86,30088000,隻
南投縣,雞,87,29663000,隻
南投縣,雞,88,27173805,隻
南投縣,雞,89,24764389,隻
南投縣,雞,90,24719747,隻
南投縣,雞,91,25851212,隻
南投縣,雞,92,24278322,隻
南投縣,雞,93,21753459,隻
南投縣,雞,94,19183673,隻
南投縣,雞,95,19647110,隻
南投縣,雞,96,20096201,隻
南投縣,雞,97,19075845,隻
南投縣,雞,98,18413936,隻
南投縣,雞,99,19435702,隻
南投縣,雞,100,19256019,隻
南投縣,雞,101,19338512,隻
南投縣,雞,102,18028628,隻
南投縣,雞,103,20205266,隻
南投縣,鴨,85,902000,隻
南投縣,鴨,86,631000,隻
南投縣,鴨,87,487000,隻
南投縣,鴨,88,425068,隻
南投縣,鴨,89,525134,隻
南投縣,鴨,90,614626,隻
南投縣,鴨,91,633236,隻
南投縣,鴨,92,981987,隻
南投縣,鴨,93,1226374,隻
南投縣,鴨,94,954198.91,隻
南投縣,鴨,95,726439,隻
南投縣,鴨,96,1025070,隻
南投縣,鴨,97,1076307,隻
南投縣,鴨,98,1277850,隻
南投縣,鴨,99,1374443,隻
南投縣,鴨,100,1561842,隻
南投縣,鴨,101,1269679,隻
南投縣,鴨,102,1707487,隻
南投縣,鴨,103,2040447,隻
南投縣,鵝,85,111000,隻
南投縣,鵝,86,95000,隻
南投縣,鵝,87,90000,隻
南投縣,鵝,88,109513,隻
南投縣,鵝,89,93017,隻
南投縣,鵝,90,88874,隻
南投縣,鵝,91,104650,隻
南投縣,鵝,92,116811,隻
南投縣,鵝,93,121000,隻
南投縣,鵝,94,128872.469,隻
南投縣,鵝,95,89227,隻
南投縣,鵝,96,71067,隻
南投縣,鵝,97,54663,隻
南投縣,鵝,98,60385,隻
南投縣,鵝,99,64091,隻
南投縣,鵝,100,64263,隻
南投縣,鵝,101,55579,隻
南投縣,鵝,102,50443,隻
南投縣,鵝,103,55802,隻
南投縣,火雞,85,23000,隻
南投縣,火雞,86,20000,隻
南投縣,火雞,87,21000,隻
南投縣,火雞,88,12738,隻
南投縣,火雞,89,11650,隻
南投縣,火雞,90,12840,隻
南投縣,火雞,91,14585,隻
南投縣,火雞,92,12466,隻
南投縣,火雞,93,15466,隻
南投縣,火雞,94,8036.7,隻
南投縣,火雞,95,0,隻
南投縣,火雞,96,23,隻
南投縣,火雞,97,13,隻
南投縣,火雞,98,44,隻
南投縣,火雞,99,60,隻
南投縣,火雞,100,43,隻
南投縣,火雞,101,40,隻
南投縣,火雞,102,25,隻
南投縣,雞,104,19516333,隻
南投縣,雞,105,21005412,隻
南投縣,雞,106,20521364,隻
南投縣,雞,107,21951700,隻
南投縣,雞,108,22159544,隻
南投縣,雞,109,23978480,隻
南投縣,鴨,104,1155444,隻
南投縣,鴨,105,1252596,隻
南投縣,鴨,106,1639061,隻
南投縣,鴨,107,1368721,隻
南投縣,鴨,108,1453118,隻
南投縣,鴨,109,1382542,隻
南投縣,鵝,104,11229,隻
南投縣,鵝,105,6643,隻
南投縣,鵝,106,11342,隻
南投縣,鵝,107,11567,隻
南投縣,鵝,108,25195,隻
南投縣,鵝,109,30409,隻
南投縣,火雞,108,0,隻
南投縣,火雞,109,34,隻
雲林縣,雞,85,42648000,隻
雲林縣,雞,86,55338000,隻
雲林縣,雞,87,53125000,隻
雲林縣,雞,88,52322936,隻
雲林縣,雞,89,53595095,隻
雲林縣,雞,90,47853644,隻
雲林縣,雞,91,48169578,隻
雲林縣,雞,92,47417608,隻
雲林縣,雞,93,54844957,隻
雲林縣,雞,94,42808665.36,隻
雲林縣,雞,95,45283596,隻
雲林縣,雞,96,45798764,隻
雲林縣,雞,97,45102316,隻
雲林縣,雞,98,47602198,隻
雲林縣,雞,99,50766345,隻
雲林縣,雞,100,51369686,隻
雲林縣,雞,101,46884397,隻
雲林縣,雞,102,45554262,隻
雲林縣,雞,103,49159649,隻
雲林縣,鴨,85,6970000,隻
雲林縣,鴨,86,6526000,隻
雲林縣,鴨,87,6200000,隻
雲林縣,鴨,88,6719993,隻
雲林縣,鴨,89,5260932,隻
雲林縣,鴨,90,4070661,隻
雲林縣,鴨,91,4593577,隻
雲林縣,鴨,92,4577383,隻
雲林縣,鴨,93,5888611,隻
雲林縣,鴨,94,5264661.895,隻
雲林縣,鴨,95,5679828,隻
雲林縣,鴨,96,5658567,隻
雲林縣,鴨,97,5153696,隻
雲林縣,鴨,98,5184694,隻
雲林縣,鴨,99,5680525,隻
雲林縣,鴨,100,5493463,隻
雲林縣,鴨,101,5523847,隻
雲林縣,鴨,102,6772103,隻
雲林縣,鴨,103,8090863,隻
雲林縣,鵝,85,3051000,隻
雲林縣,鵝,86,3001000,隻
雲林縣,鵝,87,2914000,隻
雲林縣,鵝,88,2978614,隻
雲林縣,鵝,89,2686752,隻
雲林縣,鵝,90,2643333,隻
雲林縣,鵝,91,2907153,隻
雲林縣,鵝,92,3174173,隻
雲林縣,鵝,93,3297000,隻
雲林縣,鵝,94,3536295.961,隻
雲林縣,鵝,95,3550598,隻
雲林縣,鵝,96,3108958,隻
雲林縣,鵝,97,2666259,隻
雲林縣,鵝,98,2163583,隻
雲林縣,鵝,99,2149842,隻
雲林縣,鵝,100,2378295,隻
雲林縣,鵝,101,2137403,隻
雲林縣,鵝,102,2109342,隻
雲林縣,鵝,103,2308959,隻
雲林縣,火雞,85,23000,隻
雲林縣,火雞,86,36000,隻
雲林縣,火雞,87,55000,隻
雲林縣,火雞,88,52636,隻
雲林縣,火雞,89,35724,隻
雲林縣,火雞,90,47576,隻
雲林縣,火雞,91,36801,隻
雲林縣,火雞,92,39478,隻
雲林縣,火雞,93,44516,隻
雲林縣,火雞,94,56214.9,隻
雲林縣,火雞,95,74839,隻
雲林縣,火雞,96,73705,隻
雲林縣,火雞,97,54895,隻
雲林縣,火雞,98,60605,隻
雲林縣,火雞,99,67583,隻
雲林縣,火雞,100,79873,隻
雲林縣,火雞,101,75881,隻
雲林縣,火雞,102,63611,隻
雲林縣,火雞,103,65095,隻
雲林縣,雞,104,46025347,隻
雲林縣,雞,105,48776746,隻
雲林縣,雞,106,50688390,隻
雲林縣,雞,107,57137708,隻
雲林縣,雞,108,60680713,隻
雲林縣,雞,109,59304342,隻
雲林縣,鴨,104,8147722,隻
雲林縣,鴨,105,9731121,隻
雲林縣,鴨,106,11702235,隻
雲林縣,鴨,107,11687734,隻
雲林縣,鴨,108,11976700,隻
雲林縣,鴨,109,10149645,隻
雲林縣,鵝,104,388569,隻
雲林縣,鵝,105,350896,隻
雲林縣,鵝,106,703358,隻
雲林縣,鵝,107,827001,隻
雲林縣,鵝,108,893027,隻
雲林縣,鵝,109,1317814,隻
雲林縣,火雞,104,74598,隻
雲林縣,火雞,105,61125,隻
雲林縣,火雞,106,75039,隻
雲林縣,火雞,107,62043,隻
雲林縣,火雞,108,44072,隻
雲林縣,火雞,109,60257,隻
嘉義縣,雞,85,24679000,隻
嘉義縣,雞,86,29013000,隻
嘉義縣,雞,87,31002000,隻
嘉義縣,雞,88,30856695,隻
嘉義縣,雞,89,32213248,隻
嘉義縣,雞,90,32370451,隻
嘉義縣,雞,91,31600373,隻
嘉義縣,雞,92,31045487,隻
嘉義縣,雞,93,32300831,隻
嘉義縣,雞,94,26344923.44,隻
嘉義縣,雞,95,29199548,隻
嘉義縣,雞,96,28216262,隻
嘉義縣,雞,97,29491170,隻
嘉義縣,雞,98,31392851,隻
嘉義縣,雞,99,32612139,隻
嘉義縣,雞,100,34671884,隻
嘉義縣,雞,101,31513090,隻
嘉義縣,雞,102,28356858,隻
嘉義縣,雞,103,31464340,隻
嘉義縣,鴨,85,1610000,隻
嘉義縣,鴨,86,1664000,隻
嘉義縣,鴨,87,1402000,隻
嘉義縣,鴨,88,1326713,隻
嘉義縣,鴨,89,1033111,隻
嘉義縣,鴨,90,733333,隻
嘉義縣,鴨,91,765974,隻
嘉義縣,鴨,92,634710,隻
嘉義縣,鴨,93,889618,隻
嘉義縣,鴨,94,670657.335,隻
嘉義縣,鴨,95,602203,隻
嘉義縣,鴨,96,591477,隻
嘉義縣,鴨,97,590866,隻
嘉義縣,鴨,98,600108,隻
嘉義縣,鴨,99,573068,隻
嘉義縣,鴨,100,535298,隻
嘉義縣,鴨,101,391014,隻
嘉義縣,鴨,102,457803,隻
嘉義縣,鴨,103,455188,隻
嘉義縣,鵝,85,688000,隻
嘉義縣,鵝,86,726000,隻
嘉義縣,鵝,87,703000,隻
嘉義縣,鵝,88,675529,隻
嘉義縣,鵝,89,593152,隻
嘉義縣,鵝,90,581254,隻
嘉義縣,鵝,91,566636,隻
嘉義縣,鵝,92,627693,隻
嘉義縣,鵝,93,638000,隻
嘉義縣,鵝,94,656484.675,隻
嘉義縣,鵝,95,678863,隻
嘉義縣,鵝,96,604107,隻
嘉義縣,鵝,97,590257,隻
嘉義縣,鵝,98,566469,隻
嘉義縣,鵝,99,571926,隻
嘉義縣,鵝,100,580966,隻
嘉義縣,鵝,101,591305,隻
嘉義縣,鵝,102,688903,隻
嘉義縣,鵝,103,775902,隻
嘉義縣,火雞,85,41000,隻
嘉義縣,火雞,86,44000,隻
嘉義縣,火雞,87,53000,隻
嘉義縣,火雞,88,99363,隻
嘉義縣,火雞,89,107692,隻
嘉義縣,火雞,90,86884,隻
嘉義縣,火雞,91,57882,隻
嘉義縣,火雞,92,54092,隻
嘉義縣,火雞,93,71677,隻
嘉義縣,火雞,94,76446.3,隻
嘉義縣,火雞,95,70312,隻
嘉義縣,火雞,96,60405,隻
嘉義縣,火雞,97,70053,隻
嘉義縣,火雞,98,65025,隻
嘉義縣,火雞,99,39792,隻
嘉義縣,火雞,100,41226,隻
嘉義縣,火雞,101,37786,隻
嘉義縣,火雞,102,42356,隻
嘉義縣,火雞,103,38948,隻
嘉義縣,雞,104,32062328,隻
嘉義縣,雞,105,36664151,隻
嘉義縣,雞,106,33172296,隻
嘉義縣,雞,107,34507166,隻
嘉義縣,雞,108,40653276,隻
嘉義縣,雞,109,41471993,隻
嘉義縣,鴨,104,604123,隻
嘉義縣,鴨,105,537226,隻
嘉義縣,鴨,106,489595,隻
嘉義縣,鴨,107,427588,隻
嘉義縣,鴨,108,398082,隻
嘉義縣,鴨,109,341708,隻
嘉義縣,鵝,104,234350,隻
嘉義縣,鵝,105,338731,隻
嘉義縣,鵝,106,571006,隻
嘉義縣,鵝,107,622603,隻
嘉義縣,鵝,108,614515,隻
嘉義縣,鵝,109,699673,隻
嘉義縣,火雞,104,45067,隻
嘉義縣,火雞,105,50595,隻
嘉義縣,火雞,106,42879,隻
嘉義縣,火雞,107,41213,隻
嘉義縣,火雞,108,42800,隻
嘉義縣,火雞,109,56728,隻
臺南縣,雞,85,46628000,隻
臺南縣,雞,86,50499000,隻
臺南縣,雞,87,51771000,隻
臺南縣,雞,88,50831531,隻
臺南縣,雞,89,53517601,隻
臺南縣,雞,90,50222056,隻
臺南縣,雞,91,51955632,隻
臺南縣,雞,92,48378335,隻
臺南縣,雞,93,43084800,隻
臺南縣,雞,94,43007183.63,隻
臺南縣,雞,95,43607147,隻
臺南縣,雞,96,44760426,隻
臺南縣,雞,97,42359469,隻
臺南縣,雞,98,41781323,隻
臺南縣,雞,99,43198063,隻
臺南縣,鴨,85,4651000,隻
臺南縣,鴨,86,4858000,隻
臺南縣,鴨,87,4940000,隻
臺南縣,鴨,88,4958066,隻
臺南縣,鴨,89,5133330,隻
臺南縣,鴨,90,4877629,隻
臺南縣,鴨,91,5375462,隻
臺南縣,鴨,92,5175396,隻
臺南縣,鴨,93,5029755,隻
臺南縣,鴨,94,4448644.865,隻
臺南縣,鴨,95,4574237,隻
臺南縣,鴨,96,4306390,隻
臺南縣,鴨,97,3529622,隻
臺南縣,鴨,98,3420173,隻
臺南縣,鴨,99,3424679,隻
臺南縣,鵝,85,933000,隻
臺南縣,鵝,86,1060000,隻
臺南縣,鵝,87,1283000,隻
臺南縣,鵝,88,1200388,隻
臺南縣,鵝,89,967104,隻
臺南縣,鵝,90,875788,隻
臺南縣,鵝,91,636903,隻
臺南縣,鵝,92,672534,隻
臺南縣,鵝,93,656000,隻
臺南縣,鵝,94,568571.245,隻
臺南縣,鵝,95,701015,隻
臺南縣,鵝,96,596943,隻
臺南縣,鵝,97,557423,隻
臺南縣,鵝,98,517434,隻
臺南縣,鵝,99,585362,隻
臺南縣,火雞,85,130000,隻
臺南縣,火雞,86,121000,隻
臺南縣,火雞,87,128000,隻
臺南縣,火雞,88,161948,隻
臺南縣,火雞,89,187542,隻
臺南縣,火雞,90,165073,隻
臺南縣,火雞,91,144940,隻
臺南縣,火雞,92,133375,隻
臺南縣,火雞,93,160130,隻
臺南縣,火雞,94,152233.2,隻
臺南縣,火雞,95,145498,隻
臺南縣,火雞,96,123649,隻
臺南縣,火雞,97,127697,隻
臺南縣,火雞,98,84924,隻
臺南縣,火雞,99,87442,隻
高雄縣,雞,85,24355000,隻
高雄縣,雞,86,26779000,隻
高雄縣,雞,87,26283000,隻
高雄縣,雞,88,26275142,隻
高雄縣,雞,89,25397495,隻
高雄縣,雞,90,23386989,隻
高雄縣,雞,91,21614581,隻
高雄縣,雞,92,20105822,隻
高雄縣,雞,93,20478079,隻
高雄縣,雞,94,18823702.99,隻
高雄縣,雞,95,17847048,隻
高雄縣,雞,96,15931143,隻
高雄縣,雞,97,14190923,隻
高雄縣,雞,98,13568486,隻
高雄縣,雞,99,14694588,隻
高雄縣,鴨,85,5050000,隻
高雄縣,鴨,86,4868000,隻
高雄縣,鴨,87,3394000,隻
高雄縣,鴨,88,2771973,隻
高雄縣,鴨,89,2123742,隻
高雄縣,鴨,90,1675103,隻
高雄縣,鴨,91,1258016,隻
高雄縣,鴨,92,1354342,隻
高雄縣,鴨,93,1284380,隻
高雄縣,鴨,94,1039058.015,隻
高雄縣,鴨,95,1243927,隻
高雄縣,鴨,96,1112995,隻
高雄縣,鴨,97,1004275,隻
高雄縣,鴨,98,1027855,隻
高雄縣,鴨,99,1159784,隻
高雄縣,鵝,85,246000,隻
高雄縣,鵝,86,248000,隻
高雄縣,鵝,87,249000,隻
高雄縣,鵝,88,227237,隻
高雄縣,鵝,89,186060,隻
高雄縣,鵝,90,171037,隻
高雄縣,鵝,91,150924,隻
高雄縣,鵝,92,136401,隻
高雄縣,鵝,93,194000,隻
高雄縣,鵝,94,113862.859,隻
高雄縣,鵝,95,194811,隻
高雄縣,鵝,96,147328,隻
高雄縣,鵝,97,143766,隻
高雄縣,鵝,98,143703,隻
高雄縣,鵝,99,199021,隻
高雄縣,火雞,85,9000,隻
高雄縣,火雞,86,10000,隻
高雄縣,火雞,87,10000,隻
高雄縣,火雞,88,9200,隻
高雄縣,火雞,89,7876,隻
高雄縣,火雞,90,4786,隻
高雄縣,火雞,91,3660,隻
高雄縣,火雞,92,3743,隻
高雄縣,火雞,93,1321,隻
高雄縣,火雞,94,1568.7,隻
高雄縣,火雞,95,0,隻
高雄縣,火雞,96,375,隻
高雄縣,火雞,97,398,隻
高雄縣,火雞,98,180,隻
高雄縣,火雞,99,865,隻
屏東縣,雞,85,39286000,隻
屏東縣,雞,86,40059000,隻
屏東縣,雞,87,42224000,隻
屏東縣,雞,88,44979956,隻
屏東縣,雞,89,45279776,隻
屏東縣,雞,90,45124418,隻
屏東縣,雞,91,45180554,隻
屏東縣,雞,92,44084214,隻
屏東縣,雞,93,43341448,隻
屏東縣,雞,94,46143052.63,隻
屏東縣,雞,95,45707372,隻
屏東縣,雞,96,44424947,隻
屏東縣,雞,97,41396194,隻
屏東縣,雞,98,39705823,隻
屏東縣,雞,99,39607145,隻
屏東縣,雞,100,46403900,隻
屏東縣,雞,101,45056734,隻
屏東縣,雞,102,42114225,隻
屏東縣,雞,103,46247959,隻
屏東縣,鴨,85,11027000,隻
屏東縣,鴨,86,10551000,隻
屏東縣,鴨,87,8392000,隻
屏東縣,鴨,88,8810629,隻
屏東縣,鴨,89,9475521,隻
屏東縣,鴨,90,9604598,隻
屏東縣,鴨,91,9637471,隻
屏東縣,鴨,92,9868376,隻
屏東縣,鴨,93,10054844,隻
屏東縣,鴨,94,13246220.83,隻
屏東縣,鴨,95,16132380,隻
屏東縣,鴨,96,15362510,隻
屏東縣,鴨,97,13393427,隻
屏東縣,鴨,98,11156735,隻
屏東縣,鴨,99,11158103,隻
屏東縣,鴨,100,11515698,隻
屏東縣,鴨,101,10631143,隻
屏東縣,鴨,102,12044093,隻
屏東縣,鴨,103,14308205,隻
屏東縣,鵝,85,532000,隻
屏東縣,鵝,86,599000,隻
屏東縣,鵝,87,654000,隻
屏東縣,鵝,88,701882,隻
屏東縣,鵝,89,704730,隻
屏東縣,鵝,90,700697,隻
屏東縣,鵝,91,779410,隻
屏東縣,鵝,92,787330,隻
屏東縣,鵝,93,832000,隻
屏東縣,鵝,94,747977.483,隻
屏東縣,鵝,95,802796,隻
屏東縣,鵝,96,711484,隻
屏東縣,鵝,97,670001,隻
屏東縣,鵝,98,721737,隻
屏東縣,鵝,99,740112,隻
屏東縣,鵝,100,859644,隻
屏東縣,鵝,101,882621,隻
屏東縣,鵝,102,978342,隻
屏東縣,鵝,103,1022361,隻
屏東縣,火雞,85,28000,隻
屏東縣,火雞,86,28000,隻
屏東縣,火雞,87,21000,隻
屏東縣,火雞,88,19047,隻
屏東縣,火雞,89,20985,隻
屏東縣,火雞,90,18657,隻
屏東縣,火雞,91,17317,隻
屏東縣,火雞,92,15208,隻
屏東縣,火雞,93,7846,隻
屏東縣,火雞,94,9313.5,隻
屏東縣,火雞,95,0,隻
屏東縣,火雞,96,23,隻
屏東縣,火雞,97,38,隻
屏東縣,火雞,98,12,隻
屏東縣,火雞,99,8,隻
屏東縣,火雞,100,13,隻
屏東縣,火雞,101,41,隻
屏東縣,火雞,102,75,隻
屏東縣,火雞,103,39,隻
屏東縣,雞,104,45704211,隻
屏東縣,雞,105,51920064,隻
屏東縣,雞,106,52405830,隻
屏東縣,雞,107,52272076,隻
屏東縣,雞,108,57467249,隻
屏東縣,雞,109,54618210,隻
屏東縣,鴨,104,12000622,隻
屏東縣,鴨,105,11322563,隻
屏東縣,鴨,106,10928512,隻
屏東縣,鴨,107,11110213,隻
屏東縣,鴨,108,11795011,隻
屏東縣,鴨,109,10985847,隻
屏東縣,鵝,104,256474,隻
屏東縣,鵝,105,165979,隻
屏東縣,鵝,106,204917,隻
屏東縣,鵝,107,214093,隻
屏東縣,鵝,108,241826,隻
屏東縣,鵝,109,315415,隻
屏東縣,火雞,104,48,隻
屏東縣,火雞,105,16,隻
屏東縣,火雞,106,0,隻
屏東縣,火雞,107,0,隻
屏東縣,火雞,108,0,隻
屏東縣,火雞,109,2,隻
臺東縣,雞,85,5157000,隻
臺東縣,雞,86,5129000,隻
臺東縣,雞,87,4657000,隻
臺東縣,雞,88,5201539,隻
臺東縣,雞,89,5547098,隻
臺東縣,雞,90,5691789,隻
臺東縣,雞,91,5575384,隻
臺東縣,雞,92,4745286,隻
臺東縣,雞,93,4190275,隻
臺東縣,雞,94,4680407.08,隻
臺東縣,雞,95,3364585,隻
臺東縣,雞,96,2026720,隻
臺東縣,雞,97,2152113,隻
臺東縣,雞,98,2332126,隻
臺東縣,雞,99,2175439,隻
臺東縣,雞,100,2520270,隻
臺東縣,雞,101,2454243,隻
臺東縣,雞,102,1532277,隻
臺東縣,雞,103,2218518,隻
臺東縣,鴨,85,227000,隻
臺東縣,鴨,86,194000,隻
臺東縣,鴨,87,113000,隻
臺東縣,鴨,88,68694,隻
臺東縣,鴨,89,65704,隻
臺東縣,鴨,90,59580,隻
臺東縣,鴨,91,76441,隻
臺東縣,鴨,92,95797,隻
臺東縣,鴨,93,67360,隻
臺東縣,鴨,94,19550.685,隻
臺東縣,鴨,95,0,隻
臺東縣,鴨,96,2671,隻
臺東縣,鴨,97,7948,隻
臺東縣,鴨,98,1288,隻
臺東縣,鴨,99,2004,隻
臺東縣,鴨,100,1567,隻
臺東縣,鴨,101,1283,隻
臺東縣,鴨,102,1201,隻
臺東縣,鴨,103,1658,隻
臺東縣,鵝,85,64000,隻
臺東縣,鵝,86,65000,隻
臺東縣,鵝,87,43000,隻
臺東縣,鵝,88,39959,隻
臺東縣,鵝,89,30756,隻
臺東縣,鵝,90,31377,隻
臺東縣,鵝,91,17024,隻
臺東縣,鵝,92,18068,隻
臺東縣,鵝,93,18000,隻
臺東縣,鵝,94,7203.339,隻
臺東縣,鵝,95,0,隻
臺東縣,鵝,96,299,隻
臺東縣,鵝,97,248,隻
臺東縣,鵝,98,36,隻
臺東縣,鵝,99,2222,隻
臺東縣,鵝,100,5388,隻
臺東縣,鵝,101,2185,隻
臺東縣,鵝,102,20,隻
臺東縣,鵝,103,434,隻
臺東縣,火雞,85,11000,隻
臺東縣,火雞,86,9000,隻
臺東縣,火雞,87,7000,隻
臺東縣,火雞,88,6499,隻
臺東縣,火雞,89,4548,隻
臺東縣,火雞,90,5531,隻
臺東縣,火雞,91,5959,隻
臺東縣,火雞,92,4014,隻
臺東縣,火雞,93,3838,隻
臺東縣,火雞,94,3206.7,隻
臺東縣,火雞,95,0,隻
臺東縣,火雞,96,51,隻
臺東縣,火雞,97,41,隻
臺東縣,火雞,98,25,隻
臺東縣,火雞,99,2,隻
臺東縣,火雞,100,32,隻
臺東縣,火雞,101,184,隻
臺東縣,火雞,102,113,隻
臺東縣,火雞,103,115,隻
臺東縣,雞,104,2551149,隻
臺東縣,雞,105,2943099,隻
臺東縣,雞,106,2709686,隻
臺東縣,雞,107,2324070,隻
臺東縣,雞,108,2463477,隻
臺東縣,雞,109,2041113,隻
臺東縣,鴨,104,370,隻
臺東縣,鴨,105,421,隻
臺東縣,鴨,106,723,隻
臺東縣,鴨,107,1211,隻
臺東縣,鴨,108,1239,隻
臺東縣,鴨,109,918,隻
臺東縣,鵝,104,364,隻
臺東縣,鵝,105,1312,隻
臺東縣,鵝,106,2557,隻
臺東縣,鵝,107,2329,隻
臺東縣,鵝,108,2197,隻
臺東縣,鵝,109,1717,隻
臺東縣,火雞,104,52,隻
臺東縣,火雞,105,28,隻
臺東縣,火雞,106,47,隻
臺東縣,火雞,107,40,隻
臺東縣,火雞,108,79,隻
臺東縣,火雞,109,39,隻
花蓮縣,雞,85,3459000,隻
花蓮縣,雞,86,4269000,隻
花蓮縣,雞,87,3201000,隻
花蓮縣,雞,88,2971260,隻
花蓮縣,雞,89,2641086,隻
花蓮縣,雞,90,2542396,隻
花蓮縣,雞,91,2578596,隻
花蓮縣,雞,92,2636294,隻
花蓮縣,雞,93,1983819,隻
花蓮縣,雞,94,2176168.624,隻
花蓮縣,雞,95,1248084,隻
花蓮縣,雞,96,1320341,隻
花蓮縣,雞,97,1188206,隻
花蓮縣,雞,98,1071478,隻
花蓮縣,雞,99,1036620,隻
花蓮縣,雞,100,1234677,隻
花蓮縣,雞,101,1174703,隻
花蓮縣,雞,102,930526,隻
花蓮縣,雞,103,782732,隻
花蓮縣,鴨,85,557000,隻
花蓮縣,鴨,86,660000,隻
花蓮縣,鴨,87,695000,隻
花蓮縣,鴨,88,1070294,隻
花蓮縣,鴨,89,1020868,隻
花蓮縣,鴨,90,931444,隻
花蓮縣,鴨,91,1024456,隻
花蓮縣,鴨,92,1329523,隻
花蓮縣,鴨,93,711617,隻
花蓮縣,鴨,94,1744001.15,隻
花蓮縣,鴨,95,2335914,隻
花蓮縣,鴨,96,2570979,隻
花蓮縣,鴨,97,1852757,隻
花蓮縣,鴨,98,1330737,隻
花蓮縣,鴨,99,1607149,隻
花蓮縣,鴨,100,1594713,隻
花蓮縣,鴨,101,1693658,隻
花蓮縣,鴨,102,2070449,隻
花蓮縣,鴨,103,1888476,隻
花蓮縣,鵝,85,23000,隻
花蓮縣,鵝,86,34000,隻
花蓮縣,鵝,87,43000,隻
花蓮縣,鵝,88,22944,隻
花蓮縣,鵝,89,22684,隻
花蓮縣,鵝,90,22925,隻
花蓮縣,鵝,91,19383,隻
花蓮縣,鵝,92,15423,隻
花蓮縣,鵝,93,11000,隻
花蓮縣,鵝,94,9279.633,隻
花蓮縣,鵝,95,2485,隻
花蓮縣,鵝,96,1970,隻
花蓮縣,鵝,97,1864,隻
花蓮縣,鵝,98,1771,隻
花蓮縣,鵝,99,1547,隻
花蓮縣,鵝,100,1804,隻
花蓮縣,鵝,101,953,隻
花蓮縣,鵝,102,958,隻
花蓮縣,鵝,103,836,隻
花蓮縣,火雞,85,6000,隻
花蓮縣,火雞,86,6000,隻
花蓮縣,火雞,87,5000,隻
花蓮縣,火雞,88,5099,隻
花蓮縣,火雞,89,5385,隻
花蓮縣,火雞,90,5716,隻
花蓮縣,火雞,91,4618,隻
花蓮縣,火雞,92,4324,隻
花蓮縣,火雞,93,3000,隻
花蓮縣,火雞,94,3933.3,隻
花蓮縣,火雞,95,2057,隻
花蓮縣,火雞,96,1853,隻
花蓮縣,火雞,97,735,隻
花蓮縣,火雞,98,651,隻
花蓮縣,火雞,99,503,隻
花蓮縣,火雞,100,751,隻
花蓮縣,火雞,101,844,隻
花蓮縣,火雞,102,719,隻
花蓮縣,火雞,103,611,隻
花蓮縣,雞,104,881692,隻
花蓮縣,雞,105,660090,隻
花蓮縣,雞,106,655846,隻
花蓮縣,雞,107,630156,隻
花蓮縣,雞,108,869197,隻
花蓮縣,雞,109,589230,隻
花蓮縣,鴨,104,1940920,隻
花蓮縣,鴨,105,1934465,隻
花蓮縣,鴨,106,1488394,隻
花蓮縣,鴨,107,1422614,隻
花蓮縣,鴨,108,1204737,隻
花蓮縣,鴨,109,943345,隻
花蓮縣,鵝,104,678,隻
花蓮縣,鵝,105,5591,隻
花蓮縣,鵝,106,2365,隻
花蓮縣,鵝,107,2753,隻
花蓮縣,鵝,108,3880,隻
花蓮縣,鵝,109,1943,隻
花蓮縣,火雞,104,482,隻
花蓮縣,火雞,105,740,隻
花蓮縣,火雞,106,672,隻
花蓮縣,火雞,107,550,隻
花蓮縣,火雞,108,475,隻
花蓮縣,火雞,109,322,隻
澎湖縣,雞,85,351000,隻
澎湖縣,雞,86,395000,隻
澎湖縣,雞,87,395000,隻
澎湖縣,雞,88,349135,隻
澎湖縣,雞,89,286447,隻
澎湖縣,雞,90,283395,隻
澎湖縣,雞,91,251485,隻
澎湖縣,雞,92,256103,隻
澎湖縣,雞,93,218758,隻
澎湖縣,雞,94,197245.98,隻
澎湖縣,雞,95,204818,隻
澎湖縣,雞,96,195725,隻
澎湖縣,雞,97,167115,隻
澎湖縣,雞,98,67403,隻
澎湖縣,雞,99,56071,隻
澎湖縣,雞,100,54212,隻
澎湖縣,雞,101,45482,隻
澎湖縣,雞,102,35022,隻
澎湖縣,雞,103,30699,隻
澎湖縣,鴨,85,21000,隻
澎湖縣,鴨,86,26000,隻
澎湖縣,鴨,87,22000,隻
澎湖縣,鴨,88,17517,隻
澎湖縣,鴨,89,12467,隻
澎湖縣,鴨,90,13462,隻
澎湖縣,鴨,91,11515,隻
澎湖縣,鴨,92,13522,隻
澎湖縣,鴨,93,12630,隻
澎湖縣,鴨,94,5908.085,隻
澎湖縣,鴨,95,6856,隻
澎湖縣,鴨,96,7052,隻
澎湖縣,鴨,97,9657,隻
澎湖縣,鴨,98,9175,隻
澎湖縣,鴨,99,6923,隻
澎湖縣,鴨,100,5379,隻
澎湖縣,鴨,101,7828,隻
澎湖縣,鴨,102,5733,隻
澎湖縣,鴨,103,6528,隻
澎湖縣,鵝,85,1000,隻
澎湖縣,鵝,86,1000,隻
澎湖縣,鵝,87,1000,隻
澎湖縣,鵝,88,606,隻
澎湖縣,鵝,89,536,隻
澎湖縣,鵝,90,598,隻
澎湖縣,鵝,91,432,隻
澎湖縣,鵝,92,468,隻
澎湖縣,鵝,93,392,隻
澎湖縣,鵝,94,203.808,隻
澎湖縣,鵝,95,0,隻
澎湖縣,鵝,96,19,隻
澎湖縣,鵝,97,5,隻
澎湖縣,鵝,99,9,隻
澎湖縣,鵝,100,111,隻
澎湖縣,鵝,101,127,隻
澎湖縣,鵝,102,119,隻
澎湖縣,鵝,103,163,隻
澎湖縣,火雞,85,0,隻
澎湖縣,火雞,86,0,隻
澎湖縣,火雞,87,0,隻
澎湖縣,火雞,88,193,隻
澎湖縣,火雞,89,141,隻
澎湖縣,火雞,90,123,隻
澎湖縣,火雞,91,81,隻
澎湖縣,火雞,92,57,隻
澎湖縣,火雞,93,69,隻
澎湖縣,火雞,94,4.2,隻
澎湖縣,火雞,95,0,隻
澎湖縣,火雞,96,0,隻
澎湖縣,火雞,97,0,隻
澎湖縣,火雞,99,6,隻
澎湖縣,火雞,100,14,隻
澎湖縣,火雞,101,15,隻
澎湖縣,火雞,102,6,隻
澎湖縣,火雞,103,8,隻
澎湖縣,雞,104,31706,隻
澎湖縣,雞,105,32518,隻
澎湖縣,雞,106,19423,隻
澎湖縣,雞,107,19313,隻
澎湖縣,雞,108,19925,隻
澎湖縣,雞,109,23391,隻
澎湖縣,鴨,104,5870,隻
澎湖縣,鴨,105,865,隻
澎湖縣,鴨,106,576,隻
澎湖縣,鴨,107,187,隻
澎湖縣,鴨,108,152,隻
澎湖縣,鴨,109,1210,隻
澎湖縣,鵝,104,134,隻
澎湖縣,鵝,105,127,隻
澎湖縣,鵝,106,61,隻
澎湖縣,鵝,107,23,隻
澎湖縣,鵝,108,25,隻
澎湖縣,鵝,109,63,隻
澎湖縣,火雞,104,2,隻
澎湖縣,火雞,105,0,隻
澎湖縣,火雞,106,0,隻
基隆市,雞,85,102000,隻
基隆市,雞,86,69000,隻
基隆市,雞,87,63000,隻
基隆市,雞,88,61949,隻
基隆市,雞,89,60203,隻
基隆市,雞,90,52583,隻
基隆市,雞,91,42352,隻
基隆市,雞,92,34489,隻
基隆市,雞,93,22113,隻
基隆市,雞,94,26382.56,隻
基隆市,雞,95,16044,隻
基隆市,雞,96,15485,隻
基隆市,雞,97,13700,隻
基隆市,雞,98,12017,隻
基隆市,雞,99,12528,隻
基隆市,雞,100,20095,隻
基隆市,雞,101,9963,隻
基隆市,雞,102,5587,隻
基隆市,雞,103,5161,隻
基隆市,鴨,85,3000,隻
基隆市,鴨,86,2000,隻
基隆市,鴨,87,2000,隻
基隆市,鴨,88,1939,隻
基隆市,鴨,89,1998,隻
基隆市,鴨,90,1976,隻
基隆市,鴨,91,1567,隻
基隆市,鴨,92,1420,隻
基隆市,鴨,93,1351,隻
基隆市,鴨,94,677.97,隻
基隆市,鴨,95,0,隻
基隆市,鴨,96,16,隻
基隆市,鴨,97,74,隻
基隆市,鴨,98,0,隻
基隆市,鴨,99,0,隻
基隆市,鴨,100,0,隻
基隆市,鴨,101,0,隻
基隆市,鴨,102,0,隻
基隆市,鴨,103,0,隻
基隆市,鵝,85,1000,隻
基隆市,鵝,86,1000,隻
基隆市,鵝,87,1000,隻
基隆市,鵝,88,219,隻
基隆市,鵝,89,201,隻
基隆市,鵝,90,315,隻
基隆市,鵝,91,326,隻
基隆市,鵝,92,346,隻
基隆市,鵝,93,300,隻
基隆市,鵝,94,195.316,隻
基隆市,鵝,95,0,隻
基隆市,鵝,96,0,隻
基隆市,鵝,97,0,隻
基隆市,火雞,85,1000,隻
基隆市,火雞,86,0,隻
基隆市,火雞,87,0,隻
基隆市,火雞,88,106,隻
基隆市,火雞,89,112,隻
基隆市,火雞,90,171,隻
基隆市,火雞,91,172,隻
基隆市,火雞,92,159,隻
基隆市,火雞,93,86,隻
基隆市,火雞,94,94.5,隻
基隆市,火雞,95,0,隻
基隆市,火雞,96,0,隻
基隆市,火雞,97,0,隻
基隆市,雞,104,4496,隻
基隆市,雞,105,1266,隻
基隆市,雞,106,1803,隻
基隆市,雞,107,1736,隻
基隆市,雞,108,2262,隻
基隆市,雞,109,1463,隻
基隆市,鴨,104,0,隻
基隆市,鴨,105,0,隻
基隆市,鴨,106,250,隻
基隆市,鴨,107,333,隻
基隆市,鴨,108,290,隻
基隆市,鴨,109,637,隻
基隆市,鵝,105,0,隻
基隆市,鵝,106,12,隻
基隆市,鵝,107,14,隻
基隆市,鵝,108,12,隻
基隆市,鵝,109,12,隻
新竹市,雞,85,592000,隻
新竹市,雞,86,487000,隻
新竹市,雞,87,521000,隻
新竹市,雞,88,477568,隻
新竹市,雞,89,365909,隻
新竹市,雞,90,329495,隻
新竹市,雞,91,360942,隻
新竹市,雞,92,343252,隻
新竹市,雞,93,341925,隻
新竹市,雞,94,296130.324,隻
新竹市,雞,95,240040,隻
新竹市,雞,96,306862,隻
新竹市,雞,97,164210,隻
新竹市,雞,98,190202,隻
新竹市,雞,99,173491,隻
新竹市,雞,100,268568,隻
新竹市,雞,101,202517,隻
新竹市,雞,102,144369,隻
新竹市,雞,103,149322,隻
新竹市,鴨,85,153000,隻
新竹市,鴨,86,152000,隻
新竹市,鴨,87,117000,隻
新竹市,鴨,88,47914,隻
新竹市,鴨,89,33618,隻
新竹市,鴨,90,33156,隻
新竹市,鴨,91,21176,隻
新竹市,鴨,92,14652,隻
新竹市,鴨,93,13102,隻
新竹市,鴨,94,11603.215,隻
新竹市,鴨,95,1554,隻
新竹市,鴨,96,1645,隻
新竹市,鴨,97,1391,隻
新竹市,鴨,98,1818,隻
新竹市,鴨,99,3011,隻
新竹市,鴨,100,4445,隻
新竹市,鴨,101,4268,隻
新竹市,鴨,102,7272,隻
新竹市,鴨,103,5530,隻
新竹市,鵝,85,28000,隻
新竹市,鵝,86,27000,隻
新竹市,鵝,87,25000,隻
新竹市,鵝,88,11105,隻
新竹市,鵝,89,8972,隻
新竹市,鵝,90,9416,隻
新竹市,鵝,91,8122,隻
新竹市,鵝,92,7712,隻
新竹市,鵝,93,7482,隻
新竹市,鵝,94,26431.35,隻
新竹市,鵝,95,947,隻
新竹市,鵝,96,1424,隻
新竹市,鵝,97,1956,隻
新竹市,鵝,98,1426,隻
新竹市,鵝,99,215,隻
新竹市,鵝,100,585,隻
新竹市,鵝,101,88,隻
新竹市,鵝,102,0,隻
新竹市,鵝,103,426,隻
新竹市,火雞,85,14000,隻
新竹市,火雞,86,12000,隻
新竹市,火雞,87,10000,隻
新竹市,火雞,88,6482,隻
新竹市,火雞,89,5698,隻
新竹市,火雞,90,5299,隻
新竹市,火雞,91,5141,隻
新竹市,火雞,92,5079,隻
新竹市,火雞,93,4974,隻
新竹市,火雞,94,5079.9,隻
新竹市,火雞,95,6192,隻
新竹市,火雞,96,5364,隻
新竹市,火雞,97,4238,隻
新竹市,火雞,98,2796,隻
新竹市,火雞,99,3710,隻
新竹市,火雞,100,5379,隻
新竹市,火雞,101,5623,隻
新竹市,火雞,102,4834,隻
新竹市,火雞,103,4147,隻
新竹市,雞,104,123749,隻
新竹市,雞,105,128458,隻
新竹市,雞,106,111864,隻
新竹市,雞,107,86345,隻
新竹市,雞,108,108360,隻
新竹市,雞,109,96605,隻
新竹市,鴨,104,3328,隻
新竹市,鴨,105,3677,隻
新竹市,鴨,106,3798,隻
新竹市,鴨,107,4252,隻
新竹市,鴨,108,4147,隻
新竹市,鴨,109,3762,隻
新竹市,鵝,104,3,隻
新竹市,鵝,105,6,隻
新竹市,鵝,106,4,隻
新竹市,鵝,107,2,隻
新竹市,鵝,108,78,隻
新竹市,鵝,109,70,隻
新竹市,火雞,104,3309,隻
新竹市,火雞,105,2407,隻
新竹市,火雞,106,2138,隻
新竹市,火雞,107,2888,隻
新竹市,火雞,108,1302,隻
新竹市,火雞,109,1399,隻
臺中市,雞,85,161000,隻
臺中市,雞,86,94000,隻
臺中市,雞,87,96000,隻
臺中市,雞,88,68395,隻
臺中市,雞,89,63648,隻
臺中市,雞,90,65719,隻
臺中市,雞,91,59460,隻
臺中市,雞,92,48766,隻
臺中市,雞,93,44184,隻
臺中市,雞,94,41320.171,隻
臺中市,雞,95,335,隻
臺中市,雞,96,2229,隻
臺中市,雞,97,2770,隻
臺中市,雞,98,3472,隻
臺中市,雞,99,2885,隻
臺中市,鴨,85,41000,隻
臺中市,鴨,86,39000,隻
臺中市,鴨,87,37000,隻
臺中市,鴨,88,29863,隻
臺中市,鴨,89,25845,隻
臺中市,鴨,90,25030,隻
臺中市,鴨,91,14923,隻
臺中市,鴨,92,19615,隻
臺中市,鴨,93,7991,隻
臺中市,鴨,94,9864.565,隻
臺中市,鴨,95,6884,隻
臺中市,鴨,96,7649,隻
臺中市,鴨,97,7183,隻
臺中市,鴨,98,4052,隻
臺中市,鴨,99,2595,隻
臺中市,鵝,85,11000,隻
臺中市,鵝,86,9000,隻
臺中市,鵝,87,13000,隻
臺中市,鵝,88,15495,隻
臺中市,鵝,89,15050,隻
臺中市,鵝,90,8486,隻
臺中市,鵝,91,7347,隻
臺中市,鵝,92,12998,隻
臺中市,鵝,93,22000,隻
臺中市,鵝,94,17238.76,隻
臺中市,鵝,95,19715,隻
臺中市,鵝,96,20671,隻
臺中市,鵝,97,18437,隻
臺中市,鵝,98,17691,隻
臺中市,鵝,99,17637,隻
臺中市,火雞,85,0,隻
臺中市,火雞,86,0,隻
臺中市,火雞,87,0,隻
臺中市,火雞,88,320,隻
臺中市,火雞,89,303,隻
臺中市,火雞,90,226,隻
臺中市,火雞,91,165,隻
臺中市,火雞,92,159,隻
臺中市,火雞,93,118,隻
臺中市,火雞,94,138.6,隻
臺中市,火雞,95,0,隻
臺中市,火雞,96,0,隻
臺中市,火雞,97,0,隻
嘉義市,雞,85,305000,隻
嘉義市,雞,86,294000,隻
嘉義市,雞,87,294000,隻
嘉義市,雞,88,224316,隻
嘉義市,雞,89,201357,隻
嘉義市,雞,90,230972,隻
嘉義市,雞,91,97059,隻
嘉義市,雞,92,115054,隻
嘉義市,雞,93,529511,隻
嘉義市,雞,94,325080,隻
嘉義市,雞,95,312412,隻
嘉義市,雞,96,232756,隻
嘉義市,雞,97,181855,隻
嘉義市,雞,98,211428,隻
嘉義市,雞,99,210109,隻
嘉義市,雞,100,98711,隻
嘉義市,雞,101,140276,隻
嘉義市,雞,102,31264,隻
嘉義市,雞,103,36470,隻
嘉義市,鴨,85,14000,隻
嘉義市,鴨,86,8000,隻
嘉義市,鴨,87,5000,隻
嘉義市,鴨,88,6626,隻
嘉義市,鴨,89,2412,隻
嘉義市,鴨,90,384,隻
嘉義市,鴨,91,1008,隻
嘉義市,鴨,92,931,隻
嘉義市,鴨,93,270,隻
嘉義市,鴨,94,5.205,隻
嘉義市,鴨,95,0,隻
嘉義市,鴨,96,0,隻
嘉義市,鴨,97,0,隻
嘉義市,鵝,85,2000,隻
嘉義市,鵝,86,0,隻
嘉義市,鵝,87,0,隻
嘉義市,鵝,88,159,隻
嘉義市,鵝,89,73,隻
嘉義市,鵝,90,148,隻
嘉義市,鵝,91,93,隻
嘉義市,鵝,92,494,隻
嘉義市,鵝,93,0,隻
嘉義市,鵝,94,0,隻
嘉義市,鵝,95,0,隻
嘉義市,鵝,96,24,隻
嘉義市,鵝,97,3,隻
嘉義市,火雞,85,1000,隻
嘉義市,火雞,86,1000,隻
嘉義市,火雞,87,0,隻
嘉義市,火雞,88,254,隻
嘉義市,火雞,89,57,隻
嘉義市,火雞,90,22,隻
嘉義市,火雞,91,31,隻
嘉義市,火雞,92,108,隻
嘉義市,火雞,93,0,隻
嘉義市,火雞,94,0,隻
嘉義市,火雞,95,0,隻
嘉義市,火雞,96,0,隻
嘉義市,火雞,97,0,隻
嘉義市,雞,104,35615,隻
嘉義市,雞,105,13241,隻
嘉義市,雞,106,11846,隻
嘉義市,雞,107,13833,隻
嘉義市,雞,108,13946,隻
嘉義市,雞,109,11800,隻
嘉義市,火雞,108,131,隻
嘉義市,火雞,109,104,隻
臺南市,雞,85,5678000,隻
臺南市,雞,86,5517000,隻
臺南市,雞,87,4853000,隻
臺南市,雞,88,4214450,隻
臺南市,雞,89,3830711,隻
臺南市,雞,90,3579932,隻
臺南市,雞,91,4341342,隻
臺南市,雞,92,7865090,隻
臺南市,雞,93,3239045,隻
臺南市,雞,94,3745434.2,隻
臺南市,雞,95,3741219,隻
臺南市,雞,96,2767976,隻
臺南市,雞,97,2117003,隻
臺南市,雞,98,2593367,隻
臺南市,雞,99,3249839,隻
臺南市,鴨,85,8000,隻
臺南市,鴨,86,2000,隻
臺南市,鴨,87,0,隻
臺南市,鴨,88,187,隻
臺南市,鴨,89,65,隻
臺南市,鴨,90,48,隻
臺南市,鴨,91,78,隻
臺南市,鴨,92,258,隻
臺南市,鴨,93,788,隻
臺南市,鴨,94,12842.3,隻
臺南市,鴨,95,0,隻
臺南市,鴨,96,0,隻
臺南市,鴨,97,0,隻
臺南市,鵝,85,0,隻
臺南市,鵝,86,0,隻
臺南市,鵝,87,0,隻
臺南市,鵝,88,0,隻
臺南市,鵝,89,0,隻
臺南市,鵝,90,0,隻
臺南市,鵝,91,0,隻
臺南市,鵝,92,0,隻
臺南市,鵝,93,0,隻
臺南市,鵝,94,0,隻
臺南市,鵝,95,0,隻
臺南市,鵝,96,0,隻
臺南市,鵝,97,0,隻
臺南市,火雞,85,1000,隻
臺南市,火雞,86,0,隻
臺南市,火雞,87,0,隻
臺南市,火雞,88,78,隻
臺南市,火雞,89,0,隻
臺南市,火雞,90,0,隻
臺南市,火雞,91,0,隻
臺南市,火雞,92,0,隻
臺南市,火雞,93,0,隻
臺南市,火雞,94,0,隻
臺南市,火雞,95,0,隻
臺南市,火雞,96,0,隻
臺南市,火雞,97,0,隻
臺北市,雞,85,49000,隻
臺北市,雞,86,45000,隻
臺北市,雞,87,69000,隻
臺北市,雞,88,72324,隻
臺北市,雞,89,79890,隻
臺北市,雞,90,66076,隻
臺北市,雞,91,65956,隻
臺北市,雞,92,51048,隻
臺北市,雞,93,63628,隻
臺北市,雞,94,48269.415,隻
臺北市,雞,95,24338,隻
臺北市,雞,96,23252,隻
臺北市,雞,97,23111,隻
臺北市,雞,98,13132,隻
臺北市,雞,99,13145,隻
臺北市,雞,100,10649,隻
臺北市,雞,101,8255,隻
臺北市,雞,102,5810,隻
臺北市,雞,103,4269,隻
臺北市,鴨,85,22000,隻
臺北市,鴨,86,21000,隻
臺北市,鴨,87,50000,隻
臺北市,鴨,88,37276,隻
臺北市,鴨,89,18163,隻
臺北市,鴨,90,16533,隻
臺北市,鴨,91,15487,隻
臺北市,鴨,92,12658,隻
臺北市,鴨,93,15770,隻
臺北市,鴨,94,13209.64,隻
臺北市,鴨,95,1757,隻
臺北市,鴨,96,1800,隻
臺北市,鴨,97,328,隻
臺北市,鴨,98,375,隻
臺北市,鴨,99,259,隻
臺北市,鴨,100,102,隻
臺北市,鴨,101,61,隻
臺北市,鴨,102,33,隻
臺北市,鴨,103,17,隻
臺北市,鵝,85,1000,隻
臺北市,鵝,86,1000,隻
臺北市,鵝,87,1000,隻
臺北市,鵝,88,464,隻
臺北市,鵝,89,530,隻
臺北市,鵝,90,528,隻
臺北市,鵝,91,581,隻
臺北市,鵝,92,595,隻
臺北市,鵝,93,575,隻
臺北市,鵝,94,488.29,隻
臺北市,鵝,95,0,隻
臺北市,鵝,96,0,隻
臺北市,鵝,97,0,隻
臺北市,鵝,101,5,隻
臺北市,鵝,102,4,隻
臺北市,鵝,103,0,隻
臺北市,火雞,85,0,隻
臺北市,火雞,86,0,隻
臺北市,火雞,87,0,隻
臺北市,火雞,88,61,隻
臺北市,火雞,89,38,隻
臺北市,火雞,90,34,隻
臺北市,火雞,91,81,隻
臺北市,火雞,92,103,隻
臺北市,火雞,93,110,隻
臺北市,火雞,94,58.8,隻
臺北市,火雞,95,0,隻
臺北市,火雞,96,0,隻
臺北市,火雞,97,0,隻
臺北市,雞,104,3950,隻
臺北市,雞,105,4527,隻
臺北市,雞,106,4491,隻
臺北市,雞,107,3581,隻
臺北市,雞,108,3702,隻
臺北市,雞,109,4226,隻
臺北市,鴨,104,156,隻
臺北市,鴨,105,236,隻
臺北市,鴨,106,599,隻
臺北市,鴨,107,593,隻
臺北市,鴨,108,423,隻
臺北市,鴨,109,449,隻
臺北市,鵝,105,37,隻
臺北市,鵝,106,168,隻
臺北市,鵝,107,179,隻
臺北市,鵝,108,124,隻
臺北市,鵝,109,136,隻
高雄市,雞,85,876000,隻
高雄市,雞,86,465000,隻
高雄市,雞,87,334000,隻
高雄市,雞,88,106998,隻
高雄市,雞,89,113311,隻
高雄市,雞,90,109152,隻
高雄市,雞,91,113135,隻
高雄市,雞,92,112753,隻
高雄市,雞,93,1649,隻
高雄市,雞,94,1679.68,隻
高雄市,雞,95,3238,隻
高雄市,雞,96,1150,隻
高雄市,雞,97,1893,隻
高雄市,雞,98,2613,隻
高雄市,雞,99,2869,隻
高雄市,雞,100,15004075,隻
高雄市,雞,101,13778782,隻
高雄市,雞,102,12606404,隻
高雄市,雞,103,11898155,隻
高雄市,鴨,85,335000,隻
高雄市,鴨,86,198000,隻
高雄市,鴨,87,28000,隻
高雄市,鴨,88,1599,隻
高雄市,鴨,89,1347,隻
高雄市,鴨,90,990,隻
高雄市,鴨,91,661,隻
高雄市,鴨,92,451,隻
高雄市,鴨,93,295,隻
高雄市,鴨,94,198,隻
高雄市,鴨,95,0,隻
高雄市,鴨,96,0,隻
高雄市,鴨,97,0,隻
高雄市,鴨,100,1210328,隻
高雄市,鴨,101,868854,隻
高雄市,鴨,102,1036227,隻
高雄市,鴨,103,1026208,隻
高雄市,鵝,85,0,隻
高雄市,鵝,86,0,隻
高雄市,鵝,87,0,隻
高雄市,鵝,88,244,隻
高雄市,鵝,89,190,隻
高雄市,鵝,90,112,隻
高雄市,鵝,91,101,隻
高雄市,鵝,92,59,隻
高雄市,鵝,93,28,隻
高雄市,鵝,94,12.738,隻
高雄市,鵝,95,0,隻
高雄市,鵝,96,0,隻
高雄市,鵝,97,0,隻
高雄市,鵝,100,212983,隻
高雄市,鵝,101,263933,隻
高雄市,鵝,102,252249,隻
高雄市,鵝,103,254693,隻
高雄市,火雞,85,0,隻
高雄市,火雞,86,0,隻
高雄市,火雞,87,0,隻
高雄市,火雞,88,61,隻
高雄市,火雞,89,47,隻
高雄市,火雞,90,20,隻
高雄市,火雞,91,0,隻
高雄市,火雞,92,0,隻
高雄市,火雞,93,0,隻
高雄市,火雞,94,0,隻
高雄市,火雞,95,0,隻
高雄市,火雞,96,0,隻
高雄市,火雞,97,0,隻
高雄市,火雞,100,134,隻
高雄市,火雞,101,267,隻
高雄市,火雞,102,90,隻
高雄市,火雞,103,7,隻
高雄市,雞,104,11112942,隻
高雄市,雞,105,11419365,隻
高雄市,雞,106,10873406,隻
高雄市,雞,107,11275615,隻
高雄市,雞,108,11664077,隻
高雄市,雞,109,10441874,隻
高雄市,鴨,104,1312652,隻
高雄市,鴨,105,1259264,隻
高雄市,鴨,106,1279321,隻
高雄市,鴨,107,1151721,隻
高雄市,鴨,108,761302,隻
高雄市,鴨,109,598468,隻
高雄市,鵝,104,118910,隻
高雄市,鵝,105,192494,隻
高雄市,鵝,106,270946,隻
高雄市,鵝,107,289975,隻
高雄市,鵝,108,328600,隻
高雄市,鵝,109,453648,隻
高雄市,火雞,104,13,隻
高雄市,火雞,105,0,隻
高雄市,火雞,107,0,隻
高雄市,火雞,108,0,隻
新北市,雞,100,1205201,隻
新北市,雞,101,1171327,隻
新北市,雞,102,1208551,隻
新北市,雞,103,1136980,隻
新北市,鴨,100,4025,隻
新北市,鴨,101,3522,隻
新北市,鴨,102,2746,隻
新北市,鴨,103,1801,隻
新北市,鵝,100,15297,隻
新北市,鵝,101,14705,隻
新北市,鵝,102,18432,隻
新北市,鵝,103,18994,隻
新北市,火雞,100,5,隻
新北市,火雞,101,5,隻
新北市,火雞,102,4,隻
新北市,火雞,103,3,隻
新北市,雞,104,1130212,隻
新北市,雞,105,1177542,隻
新北市,雞,106,1146667,隻
新北市,雞,107,1105822,隻
新北市,雞,108,1195264,隻
新北市,雞,109,1258781,隻
新北市,鴨,104,2329,隻
新北市,鴨,105,3201,隻
新北市,鴨,106,2928,隻
新北市,鴨,107,610,隻
新北市,鴨,108,364,隻
新北市,鴨,109,376,隻
新北市,鵝,104,4670,隻
新北市,鵝,105,1464,隻
新北市,鵝,106,5004,隻
新北市,鵝,107,4421,隻
新北市,鵝,108,5783,隻
新北市,鵝,109,9763,隻
新北市,火雞,104,4,隻
新北市,火雞,105,4,隻
新北市,火雞,106,3,隻
臺中市,雞,100,14202351,隻
臺中市,雞,101,12366227,隻
臺中市,雞,102,11866466,隻
臺中市,雞,103,11838474,隻
臺中市,鴨,100,325418,隻
臺中市,鴨,101,277910,隻
臺中市,鴨,102,402787,隻
臺中市,鴨,103,455452,隻
臺中市,鵝,100,81267,隻
臺中市,鵝,101,79090,隻
臺中市,鵝,102,98858,隻
臺中市,鵝,103,79734,隻
臺中市,火雞,100,6469,隻
臺中市,火雞,101,5019,隻
臺中市,火雞,102,2698,隻
臺中市,火雞,103,1358,隻
臺中市,雞,104,12089788,隻
臺中市,雞,105,12399704,隻
臺中市,雞,106,11137713,隻
臺中市,雞,107,10654249,隻
臺中市,雞,108,10531676,隻
臺中市,雞,109,10044330,隻
臺中市,鴨,104,456755,隻
臺中市,鴨,105,408231,隻
臺中市,鴨,106,607205,隻
臺中市,鴨,107,639464,隻
臺中市,鴨,108,584604,隻
臺中市,鴨,109,535179,隻
臺中市,鵝,104,28775,隻
臺中市,鵝,105,14738,隻
臺中市,鵝,106,21377,隻
臺中市,鵝,107,41227,隻
臺中市,鵝,108,42312,隻
臺中市,鵝,109,46185,隻
臺中市,火雞,104,281,隻
臺中市,火雞,105,120,隻
臺中市,火雞,106,150,隻
臺中市,火雞,107,143,隻
臺中市,火雞,108,160,隻
臺中市,火雞,109,179,隻
臺南市,雞,100,47127543,隻
臺南市,雞,101,40781920,隻
臺南市,雞,102,36546696,隻
臺南市,雞,103,39580419,隻
臺南市,鴨,100,3229824,隻
臺南市,鴨,101,3142347,隻
臺南市,鴨,102,3512331,隻
臺南市,鴨,103,3634361,隻
臺南市,鵝,100,660209,隻
臺南市,鵝,101,624175,隻
臺南市,鵝,102,669335,隻
臺南市,鵝,103,710889,隻
臺南市,火雞,100,98780,隻
臺南市,火雞,101,98158,隻
臺南市,火雞,102,96711,隻
臺南市,火雞,103,88559,隻
臺南市,雞,104,40082506,隻
臺南市,雞,105,41666790,隻
臺南市,雞,106,40994600,隻
臺南市,雞,107,45978191,隻
臺南市,雞,108,46554565,隻
臺南市,雞,109,49646487,隻
臺南市,鴨,104,2816654,隻
臺南市,鴨,105,2832911,隻
臺南市,鴨,106,3013869,隻
臺南市,鴨,107,2635579,隻
臺南市,鴨,108,2668835,隻
臺南市,鴨,109,2659353,隻
臺南市,鵝,104,224357,隻
臺南市,鵝,105,406583,隻
臺南市,鵝,106,457285,隻
臺南市,鵝,107,552358,隻
臺南市,鵝,108,611401,隻
臺南市,鵝,109,694497,隻
臺南市,火雞,104,65718,隻
臺南市,火雞,105,65010,隻
臺南市,火雞,106,58598,隻
臺南市,火雞,107,68307,隻
臺南市,火雞,108,70112,隻
臺南市,火雞,109,73974,隻
桃園市,雞,104,16934296,隻
桃園市,雞,105,16268948,隻
桃園市,雞,106,16621835,隻
桃園市,雞,107,16366893,隻
桃園市,雞,108,17888212,隻
桃園市,雞,109,16705553,隻
桃園市,鴨,104,25539,隻
桃園市,鴨,105,17984,隻
桃園市,鴨,106,18232,隻
桃園市,鴨,107,14134,隻
桃園市,鴨,108,9698,隻
桃園市,鴨,109,10364,隻
桃園市,鵝,104,30293,隻
桃園市,鵝,105,10462,隻
桃園市,鵝,106,14299,隻
桃園市,鵝,107,26222,隻
桃園市,鵝,108,31609,隻
桃園市,鵝,109,59307,隻
桃園市,火雞,104,4,隻
桃園市,火雞,105,6,隻
桃園市,火雞,106,8,隻
桃園市,火雞,107,12,隻
桃園市,火雞,108,14,隻
桃園市,火雞,109,8,隻
金馬地區,雞,98,289253,隻
金馬地區,雞,99,333714,隻
金馬地區,雞,100,332772,隻
金馬地區,雞,101,297781,隻
金馬地區,雞,102,299908,隻
金馬地區,雞,103,272162,隻
金馬地區,鴨,98,4362,隻
金馬地區,鴨,99,4426,隻
金馬地區,鴨,100,9188,隻
金馬地區,鴨,101,8650,隻
金馬地區,鴨,102,8824,隻
金馬地區,鴨,103,10125,隻
金馬地區,鵝,98,52,隻
金馬地區,鵝,99,32,隻
金馬地區,鵝,100,170,隻
金馬地區,鵝,101,322,隻
金馬地區,鵝,102,205,隻
金馬地區,鵝,103,105,隻
金馬地區,火雞,100,2,隻
金馬地區,火雞,101,9,隻
金馬地區,火雞,102,8,隻
金馬地區,火雞,103,9,隻
金門縣,雞,98,286068,隻
金門縣,雞,99,329895,隻
金門縣,雞,100,330091,隻
金門縣,雞,101,295680,隻
金門縣,雞,102,298586,隻
金門縣,雞,103,271309,隻
金門縣,鴨,98,4362,隻
金門縣,鴨,99,4426,隻
金門縣,鴨,100,9188,隻
金門縣,鴨,101,8650,隻
金門縣,鴨,102,8824,隻
金門縣,鴨,103,10125,隻
金門縣,鵝,98,52,隻
金門縣,鵝,99,32,隻
金門縣,鵝,100,170,隻
金門縣,鵝,101,322,隻
金門縣,鵝,102,205,隻
金門縣,鵝,103,105,隻
金門縣,火雞,100,2,隻
金門縣,火雞,101,9,隻
金門縣,火雞,102,8,隻
金門縣,火雞,103,9,隻
金門縣,雞,104,229458,隻
金門縣,雞,105,201667,隻
金門縣,雞,106,196693,隻
金門縣,雞,107,235423,隻
金門縣,雞,108,251544,隻
金門縣,雞,109,247933,隻
金門縣,鴨,104,7330,隻
金門縣,鴨,105,7236,隻
金門縣,鴨,106,8128,隻
金門縣,鴨,107,9710,隻
金門縣,鴨,108,7716,隻
金門縣,鴨,109,9099,隻
金門縣,鵝,104,30,隻
金門縣,鵝,105,38,隻
金門縣,鵝,106,48,隻
金門縣,鵝,107,47,隻
金門縣,鵝,108,60,隻
金門縣,鵝,109,3612,隻
金門縣,火雞,104,12,隻
金門縣,火雞,105,12,隻
金門縣,火雞,106,12,隻
金門縣,火雞,107,12,隻
金門縣,火雞,108,12,隻
金門縣,火雞,109,12,隻
連江縣,雞,98,3185,隻
連江縣,雞,99,3819,隻
連江縣,雞,100,2681,隻
連江縣,雞,101,2101,隻
連江縣,雞,102,1322,隻
連江縣,雞,103,853,隻
連江縣,雞,104,400,隻
連江縣,雞,105,123,隻
連江縣,雞,106,32,隻
連江縣,雞,107,19,隻
連江縣,雞,108,8,隻
連江縣,雞,109,1,隻
連江縣,鴨,108,0,隻
連江縣,鴨,109,0,隻
